id,text,len tweet,likes,rt,position
1271558145400242182,"Cuando en el mismo d√≠a escuchas a @lopezobrador_ decir que curva de contagios #Covid_19mx va bajando, a @HLGatell p‚Ä¶ https://t.co/eD2jPqtnsH",140,923,326,-1
1271500961513693184,"RT @DrNetas: ¬øY que tal si AMLO inicia su propia Afore para que quienes quieran confiarle su cuenta individual, lo hagan voluntariamente?",137,0,2972,-1
1271458928690450432,"RT @RWhelanWSJ: AMLO just returned from a mini tour of the Yucat√°n to promote the Tren Maya. Here‚Äôs my in-depth look, with amazing photos a‚Ä¶",140,0,483,-1
1271240412158726152,"‚ÄúDe Tin Mar√≠n de Do Ping√º√©‚Äù
¬øY usted a cu√°l de los dos le cree?

Cc @HLGatell @lopezobrador_ https://t.co/fqSKYWXOu0",116,5944,2389,-1
1271166714982600704,"RT @mariocampos: En el peor punto de la pandemia:

@lopezobrador_ llama a ciudadanos a superar sus miedos y salir del confinamiento https:/‚Ä¶",140,0,1277,-1
1271113217335582721,Al difundir el ‚ÄúProyecto ‚ÄúBoa‚Äù el presidente @lopezobrador_ decidi√≥ diseminar noticias falsas porque forma  parte d‚Ä¶ https://t.co/TS1iTYDICU,140,6046,2794,-1
1271069450167562240,RT @JMVivancoHRW: Han desaparecido m√°s de 5 mil personas en el gobierno de AMLO. En promedio cada d√≠a asesinan a 10 mujeres en M√©xico. Y Mo‚Ä¶,140,0,200,-1
1270894237752705025,"RT @jmlujambio: La apuesta de Monreal es que AMLO pueda nombrar a 5 fulanxs q regulen a su antojo a las consentidas CFE y TV Azteca, a las‚Ä¶",139,0,464,-1
1270571874813194242,"RT @Reforma: #LoM√°sVisto

Tras considerar que el modelo de Afores result√≥ da√±ino para el Pa√≠s, AMLO advirti√≥ que impulsar√° cambios en el Co‚Ä¶",140,0,1031,-1
1270512545456099333,RT @CMDPDH: A prop√≥sito de los 30 a√±os de la @CNDH üßê¬øNo ser√≠a una gran forma de celebrar su autonom√≠a del presidente @lopezobrador_ y su #A‚Ä¶,140,0,121,-1
1270401782393589763,RT @MXvsCORRUPCION: ¬øSe acabaron las adjudicaciones directas durante el gobierno de @lopezobrador_? Conoce cu√°les son las dependencias e in‚Ä¶,140,0,765,0
1270167726821126144,"La 4T amedrentando a @AristeguiOnline, coartando la libertad de expresi√≥n, agrediendo a los medios, cercenando el d‚Ä¶ https://t.co/HjuLupT69S",140,4755,1719,-1
1270138407432445952,"AMLO dice que es tiempo de definiciones: con √©l o contra √©l, imponiendo una falsa disyuntiva. No se trata de escoge‚Ä¶ https://t.co/7FsPcqbLMj",140,1470,491,-1
1270123181106479104,El presidente @lopezobrador_a√±ade a ambientalistas a la lista de mexicanos que desprecia. Les reclama no haber prot‚Ä¶ https://t.co/6czSToynQA,140,7316,2978,-1
1270026053378064384,RT @maiteazuela: Pronta recuperaci√≥n. Quiero suponer que con este lamentable contagio Andr√©s Manuel L√≥pez Obrador recapacitar√° y pedir√° dis‚Ä¶,140,0,324,-1
1269820896753131522,"RT @proceso: #Reportaje | En la #4T opera una estructura electoral de apoyo que se traslad√≥ a las redes sociales, conocida como Red AMLO, c‚Ä¶",140,0,744,0
